{"meta": {"format": 3, "version": "7.10.7", "timestamp": "2025-10-05T16:25:10.570544", "branch_coverage": false, "show_contexts": false}, "files": {"model-orchestrator-consolidated.py": {"executed_lines": [2, 18, 19, 20, 21, 22, 23, 24, 25, 26, 27, 28, 29, 30, 33, 37, 44, 45, 46, 47, 48, 49, 50, 51, 52, 53, 54, 55, 56, 57, 58, 59, 60, 63, 64, 65, 66, 67, 68, 69, 70, 71, 72, 73, 74, 77, 78, 79, 80, 81, 82, 83, 84, 85, 86, 87, 90, 91, 92, 93, 96, 97, 100, 103, 104, 107, 108, 109, 110, 111, 112, 113, 114, 115, 116, 117, 118, 121, 122, 123, 124, 125, 126, 127, 128, 129, 130, 137, 138, 140, 152, 153, 156, 157, 159, 160, 161, 168, 169, 171, 176, 233, 248, 253, 257, 266, 267, 269, 273, 282, 334, 371, 406, 428, 478, 483, 487, 491, 500, 501, 503, 516, 552, 553, 555, 596, 597, 605, 635, 644, 673, 729, 750, 810, 846, 857, 886, 928, 967], "summary": {"covered_lines": 121, "num_statements": 370, "percent_covered": 32.7027027027027, "percent_covered_display": "33", "missing_lines": 249, "excluded_lines": 13}, "missing_lines": [172, 173, 174, 178, 179, 180, 182, 183, 184, 185, 186, 187, 189, 199, 200, 201, 202, 203, 204, 205, 206, 207, 208, 211, 212, 213, 214, 215, 216, 217, 220, 221, 222, 223, 224, 225, 226, 227, 228, 229, 231, 235, 250, 251, 255, 259, 270, 271, 275, 276, 277, 278, 279, 280, 284, 336, 373, 408, 430, 481, 485, 489, 493, 504, 518, 521, 522, 524, 525, 526, 527, 528, 531, 532, 535, 536, 537, 539, 557, 560, 561, 562, 563, 564, 565, 568, 569, 572, 573, 575, 578, 581, 582, 583, 586, 587, 589, 623, 624, 625, 626, 627, 629, 630, 631, 633, 637, 638, 639, 640, 641, 642, 646, 654, 655, 656, 657, 658, 659, 660, 661, 662, 665, 666, 667, 668, 669, 670, 671, 692, 695, 696, 699, 706, 707, 708, 711, 712, 713, 714, 716, 717, 720, 723, 725, 727, 731, 732, 733, 734, 735, 737, 738, 739, 740, 741, 743, 744, 745, 746, 748, 771, 772, 773, 775, 776, 777, 780, 781, 783, 784, 786, 787, 796, 804, 806, 807, 808, 819, 820, 821, 824, 827, 828, 829, 832, 843, 844, 848, 849, 850, 852, 853, 855, 859, 861, 869, 870, 871, 872, 873, 874, 875, 878, 879, 880, 881, 882, 884, 893, 896, 897, 898, 899, 902, 904, 906, 907, 909, 910, 911, 912, 913, 915, 916, 919, 921, 930, 932, 933, 934, 937, 944, 945, 946, 948, 949, 950, 951, 954, 956, 957, 958, 960, 961, 962, 963, 964, 968], "excluded_lines": [150, 151, 152, 153, 154, 155, 158, 159, 160, 161, 162, 163, 164], "functions": {"APIClientProtocol.chat_completion": {"executed_lines": [], "summary": {"covered_lines": 0, "num_statements": 0, "percent_covered": 100.0, "percent_covered_display": "100", "missing_lines": 0, "excluded_lines": 1}, "missing_lines": [], "excluded_lines": [150]}, "APIClientProtocol.__aenter__": {"executed_lines": [152], "summary": {"covered_lines": 0, "num_statements": 0, "percent_covered": 100.0, "percent_covered_display": "100", "missing_lines": 0, "excluded_lines": 1}, "missing_lines": [], "excluded_lines": [152]}, "APIClientProtocol.__aexit__": {"executed_lines": [153], "summary": {"covered_lines": 0, "num_statements": 0, "percent_covered": 100.0, "percent_covered_display": "100", "missing_lines": 0, "excluded_lines": 1}, "missing_lines": [], "excluded_lines": [153]}, "ModelGuideProtocol.get_recommended_models": {"executed_lines": [159], "summary": {"covered_lines": 0, "num_statements": 0, "percent_covered": 100.0, "percent_covered_display": "100", "missing_lines": 0, "excluded_lines": 1}, "missing_lines": [], "excluded_lines": [159]}, "ModelGuideProtocol.get_fallback_chain": {"executed_lines": [160], "summary": {"covered_lines": 0, "num_statements": 0, "percent_covered": 100.0, "percent_covered_display": "100", "missing_lines": 0, "excluded_lines": 1}, "missing_lines": [], "excluded_lines": [160]}, "ModelGuideProtocol.is_model_blocked": {"executed_lines": [161], "summary": {"covered_lines": 0, "num_statements": 0, "percent_covered": 100.0, "percent_covered_display": "100", "missing_lines": 0, "excluded_lines": 1}, "missing_lines": [], "excluded_lines": [161]}, "ModelGuideParser.__init__": {"executed_lines": [], "summary": {"covered_lines": 0, "num_statements": 3, "percent_covered": 0.0, "percent_covered_display": "0", "missing_lines": 3, "excluded_lines": 0}, "missing_lines": [172, 173, 174], "excluded_lines": []}, "ModelGuideParser._parse_guide": {"executed_lines": [], "summary": {"covered_lines": 0, "num_statements": 38, "percent_covered": 0.0, "percent_covered_display": "0", "missing_lines": 38, "excluded_lines": 0}, "missing_lines": [178, 179, 180, 182, 183, 184, 185, 186, 187, 189, 199, 200, 201, 202, 203, 204, 205, 206, 207, 208, 211, 212, 213, 214, 215, 216, 217, 220, 221, 222, 223, 224, 225, 226, 227, 228, 229, 231], "excluded_lines": []}, "ModelGuideParser._get_default_rules": {"executed_lines": [], "summary": {"covered_lines": 0, "num_statements": 1, "percent_covered": 0.0, "percent_covered_display": "0", "missing_lines": 1, "excluded_lines": 0}, "missing_lines": [235], "excluded_lines": []}, "ModelGuideParser.get_recommended_models": {"executed_lines": [], "summary": {"covered_lines": 0, "num_statements": 2, "percent_covered": 0.0, "percent_covered_display": "0", "missing_lines": 2, "excluded_lines": 0}, "missing_lines": [250, 251], "excluded_lines": []}, "ModelGuideParser.get_fallback_chain": {"executed_lines": [], "summary": {"covered_lines": 0, "num_statements": 1, "percent_covered": 0.0, "percent_covered_display": "0", "missing_lines": 1, "excluded_lines": 0}, "missing_lines": [255], "excluded_lines": []}, "ModelGuideParser.is_model_blocked": {"executed_lines": [], "summary": {"covered_lines": 0, "num_statements": 1, "percent_covered": 0.0, "percent_covered_display": "0", "missing_lines": 1, "excluded_lines": 0}, "missing_lines": [259], "excluded_lines": []}, "ModelRegistry.__init__": {"executed_lines": [], "summary": {"covered_lines": 0, "num_statements": 2, "percent_covered": 0.0, "percent_covered_display": "0", "missing_lines": 2, "excluded_lines": 0}, "missing_lines": [270, 271], "excluded_lines": []}, "ModelRegistry._load_all_models": {"executed_lines": [], "summary": {"covered_lines": 0, "num_statements": 6, "percent_covered": 0.0, "percent_covered_display": "0", "missing_lines": 6, "excluded_lines": 0}, "missing_lines": [275, 276, 277, 278, 279, 280], "excluded_lines": []}, "ModelRegistry._load_grok_models": {"executed_lines": [], "summary": {"covered_lines": 0, "num_statements": 1, "percent_covered": 0.0, "percent_covered_display": "0", "missing_lines": 1, "excluded_lines": 0}, "missing_lines": [284], "excluded_lines": []}, "ModelRegistry._load_openai_models": {"executed_lines": [], "summary": {"covered_lines": 0, "num_statements": 1, "percent_covered": 0.0, "percent_covered_display": "0", "missing_lines": 1, "excluded_lines": 0}, "missing_lines": [336], "excluded_lines": []}, "ModelRegistry._load_google_models": {"executed_lines": [], "summary": {"covered_lines": 0, "num_statements": 1, "percent_covered": 0.0, "percent_covered_display": "0", "missing_lines": 1, "excluded_lines": 0}, "missing_lines": [373], "excluded_lines": []}, "ModelRegistry._load_anthropic_models": {"executed_lines": [], "summary": {"covered_lines": 0, "num_statements": 1, "percent_covered": 0.0, "percent_covered_display": "0", "missing_lines": 1, "excluded_lines": 0}, "missing_lines": [408], "excluded_lines": []}, "ModelRegistry._load_local_models": {"executed_lines": [], "summary": {"covered_lines": 0, "num_statements": 1, "percent_covered": 0.0, "percent_covered_display": "0", "missing_lines": 1, "excluded_lines": 0}, "missing_lines": [430], "excluded_lines": []}, "ModelRegistry._load_cloud_models": {"executed_lines": [], "summary": {"covered_lines": 0, "num_statements": 1, "percent_covered": 0.0, "percent_covered_display": "0", "missing_lines": 1, "excluded_lines": 0}, "missing_lines": [481], "excluded_lines": []}, "ModelRegistry.get_model": {"executed_lines": [], "summary": {"covered_lines": 0, "num_statements": 1, "percent_covered": 0.0, "percent_covered_display": "0", "missing_lines": 1, "excluded_lines": 0},